time,open,high,low,close,Volume,Volume MA
1642773600,38491.01,38934.29,38253.48,38429.11,3134.162,3350.442358250011
1642777200,38429.12,39042.4,38103.13,38857.26,3629.43541,3463.6554252500114
1642780800,38857.24,39071.13,38514,38720.72,2224.01303,3500.7075982500114
1642784400,38720.72,38752.7,38284.84,38382.5,1904.82598,3358.148718250012
1642788000,38383.49,38644.02,37850,38265.12,2652.0984,3283.393510750012
1642791600,38268.42,38500,37946,37984.12,1421.77249,3125.3048522500117
1642795200,37984.11,38470,37601,38355.16,4168.145974,3171.344836950012
1642798800,38350.62,38464.36,36158,36682.23,9838.083956,3454.631442250012
1642802400,36682.23,37201.16,35440.45,36117.6,7369.871214,3605.402094600012
1642806000,36123.85,36890,35780.66,36445.31,4978.69381,3378.8956123500125
1642809600,36445.31,36835.22,36136.66,36487.96,2851.78214,3366.9136868500123
1642813200,36487.96,36619.71,36032.02,36483.15,3329.2034,3400.440877350012
1642816800,36483.15,36549.91,36263,36467.23,2152.67794,3403.5249288500117
1642820400,36467.22,36690,36009.98,36341.64,4636.90627,3530.2219493500124
1642824000,36340.43,36423.82,36200,36278.51,2333.69766,3551.0649008500127
1642827600,36278.52,36342.71,35600.01,35738.77,3668.48226,3656.4423673500132
1642831200,35738.77,35984.68,35400.02,35719,4422.6716,3797.3386543500137
1642834800,35719.01,35895,35112.84,35400.02,5275.295648,3980.2726577500134
1642838400,35400.01,35819.73,35397.36,35599.94,3444.07533,3866.726528600014
1642842000,35599.94,35737.15,34664,34814.49,6202.550832,3981.9222672000133
1642845600,34812.32,35948.01,34008,35488.54,13411.254931,4495.776913750014
1642849200,35488.54,35693.09,34801,35406.76,4811.75394,4554.892840250013
1642852800,35406.76,35900,35336.23,35768,4109.41153,4649.162765250013
1642856400,35769.8,36192.76,35518.2,35576.3,3716.30079,4739.736505750013
1642860000,35576.29,35656.93,34988.8,35009.27,2910.19612,4752.641391750012
1642863600,35009.27,35319.99,34805.32,34838.68,3028.27691,4832.966612750012
1642867200,34838.69,35501.96,34520.59,35100.02,4478.77231,4848.4979295500125
1642870800,35095.23,35217.94,34500,34610.01,2681.65926,4490.676694750013
1642874400,34610,34800,34243.38,34392.12,2829.73802,4263.670035050012
1642878000,34392.12,34854.84,34346.54,34528.62,1919.38842,4110.704765550013
1642881600,34528.61,35500,34415.95,35287.51,4223.21411,4179.276364050013
1642885200,35287.5,35729.03,35078.55,35387.01,1986.50639,4112.141513550013
1642888800,35383.95,35395.26,34728.12,34875,1148.42973,4061.9291030500135
1642892400,34875,35107,34730,35071.42,899.09342,3875.0384605500135
1642896000,35071.42,35479.11,34944,35401.1,1601.28654,3838.417904550013
1642899600,35401.11,35526.28,35268.34,35315.04,1347.04206,3722.3458945500133
1642903200,35316.99,35346.21,34834.92,34875.29,1373.11037,3569.867833050013
1642906800,34875.3,35101.53,34811,35051,992.94236,3355.750168650013
1642910400,35051.01,35295.97,34952.06,35217.66,1107.66038,3238.9294211500132
1642914000,35217.65,35565.09,34940.09,35456.4,2227.65018,3040.184388550013
1642917600,35456.4,35600.47,35165.22,35279.83,2127.59829,2476.001556500013
1642921200,35279.84,35758.64,35221.79,35571.19,2491.21573,2359.9746460000124
1642924800,35571.19,35961.23,35325.03,35846.77,3322.40868,2320.624503500013
1642928400,35846.77,36150.76,35738.61,35882.35,3097.09365,2289.664146500013
1642932000,35877.41,35948.74,35577,35902.12,2006.87413,2244.498047000013
1642935600,35902.12,35906.76,35608.38,35686.29,1186.28742,2152.3985725000125
1642939200,35686.29,35832.36,35557.92,35803.21,1477.86519,2002.3532165000124
1642942800,35803.21,36055,35700.45,35969.27,1067.45596,1921.6430515000125
1642946400,35969.28,36080.5,35050.4,35323.85,2815.83709,1920.9480050000125
1642950000,35323.85,35374.31,35111.56,35287.58,1220.17508,1885.9873380000124
1642953600,35282.66,35450,35156,35228.45,1092.05916,1729.4295905000122
1642957200,35228.44,35445.49,35189.99,35332.6,679.94542,1664.1015420000124
1642960800,35332.59,35398.38,34870.01,34956.27,1680.38554,1690.6993325000124
1642964400,34956.28,35205.52,34601.01,34775.45,2427.93169,1767.1412460000124
1642968000,34775.45,35387.8,34707.58,35300.13,1423.74465,1758.2641515000123
1642971600,35300.13,35566.66,35083.76,35346.15,1220.14574,1751.9193355000123
1642975200,35346.15,35545.76,35273.15,35508.47,879.09708,1727.2186710000121
1642978800,35508.47,36499,35383.36,36244.55,5413.71115,1948.2571105000122
1642982400,36244.55,36251.5,35744.18,35840.29,2840.75148,2034.911665500012
1642986000,35840.3,36042.21,35600,35652.22,1768.74664,2011.9664885000122
1642989600,35650.01,35715.01,35160.51,35201.17,1378.44743,1974.508945500012
1642993200,35201.17,35399.99,35169,35338.26,1177.47497,1908.821907500012
1642996800,35338.25,35473.45,35065,35123.56,1125.94361,1798.9986540000123
1643000400,35123.57,35249.27,34936.37,35184.06,1446.73836,1716.4808895000122
1643004000,35184.06,35356.65,35054.01,35265.37,866.0993,1659.4421480000121
1643007600,35265.14,35314.95,34811.87,34888.81,1539.02685,1677.0791195000122
1643011200,34887.9,35562.15,34792.53,34959.79,2826.29586,1744.5006530000123
1643014800,34959.79,35093.13,34401.5,34512.2,4020.43347,1892.1495285000121
1643018400,34510.04,34600,33250,33276.59,9899.637053,2246.339526650012
1643022000,33276.59,34249.88,33029.54,33697.11,7055.750112,2538.118278250012
1643025600,33697.12,33890,33036.44,33114.9,4676.83642,2717.3571412500123
1643029200,33114.89,33776.02,32917.17,33335.23,5992.271636,2982.9734520500124
1643032800,33335.23,34138.16,33100,33622.71,6736.36178,3235.772264050012
1643036400,33622.7,34388.38,33222.74,34233.95,5093.02808,3369.0270835500123
1643040000,34237.31,34576.01,33803.13,34417.76,5092.2017,3552.449936050013
1643043600,34417.75,35535.69,34164.58,35363.1,6482.58003,3815.571650550013
1643047200,35363.11,36436,35190.13,36179.99,6898.86151,4116.559872050013
1643050800,36179.99,36340.54,35652.04,36066.4,3343.8888,4013.0687545500127
1643054400,36066.4,37550,35951.13,37220.05,5870.45082,4164.553721550013
1643058000,37218.56,37264.93,36711,36805.22,2593.81306,4205.807042550013
1643061600,36807.92,36842.95,36187.99,36369.44,1787.55587,4226.262464550013
1643065200,36369.43,36767.09,36355.29,36660.35,1391.55837,4236.966634550013
1643068800,36660.35,36691.87,36012.01,36037.58,2316.45521,4296.492214550012
1643072400,36038.09,36196.14,35955.43,36125.31,1476.27625,4297.969109050012
1643076000,36125.31,36335.48,36084.85,36317.27,1219.60501,4315.644394550012
1643079600,36317.26,36460.03,36166.44,36424.49,1243.18572,4300.852338050012
1643083200,36424.5,36496.62,35869.39,35950,1385.55765,4228.815427550012
1643086800,35950.01,36110.81,35828.56,36054.81,1074.45012,4081.5162600500116
1643090400,36054.81,36150.92,35835.01,35843.89,1178.97473,3645.483143900012
1643094000,35843.89,36106,35701,36044.01,2304.11612,3407.9014443000124
1643097600,36044.01,36564.07,36003.3,36070.55,2586.71157,3303.3952018000127
1643101200,36070.55,36510,36040.01,36409.42,1732.94507,3090.4288735000127
1643104800,36409.42,36800,36287.89,36430.39,2119.05038,2859.563303500013
1643108400,36430.38,36600.44,36227.52,36406,1671.86116,2688.504957500013
1643112000,36406,36777.77,36201.68,36519.13,2239.52587,2545.8711660000126
1643115600,36519.12,36579.99,36259.1,36498,2008.17575,2322.150952000013
1643119200,36497.39,37149.42,36252,36299.99,5493.26524,2251.871138500013
1643122800,36299.99,36780,35967.33,36530,3943.20294,2281.836845500013
1643126400,36530,37086.64,36492.48,36837.7,2613.07831,2118.968220000013
1643130000,36837.7,37481.75,36800,37273.33,3299.07838,2154.231486000013
1643133600,37273.32,37545.14,37120,37320.08,2103.98592,2170.0529885000133
1643137200,37320.08,37421,36920.01,37067.13,1939.39675,2197.444907500013
1643140800,37067.13,37103.15,36616.35,36859.79,2160.03461,2189.6238775000134
1643144400,36859.8,36905.87,36421.56,36556.04,1507.44273,2191.1822015000134
1643148000,36556.04,36791.16,36432.73,36791.16,721.19563,2166.2617325000133
1643151600,36791.16,37042.53,36707.34,36958.32,894.83071,2148.8439820000135
1643155200,36958.32,37000,36560.16,36638.5,1135.86622,2136.3594105000134
1643158800,36638.55,36916.23,36550.2,36851.85,1621.53947,2163.7138780000137
1643162400,36851.85,37047.83,36784.7,36812.89,1034.88206,2156.509244500013
1643166000,36812.9,37522.24,36790.81,37389.76,3049.74993,2193.790935000013
1643169600,37389.77,37876.8,37248.87,37789.73,2641.98665,2196.5546890000132
1643173200,37789.73,37974.43,37590.01,37600,1884.23041,2204.118956000013
1643176800,37600.01,37798.46,37202.47,37288.56,2250.39767,2210.6863205000127
1643180400,37288.56,37400,37109.37,37338.59,1597.98349,2206.9924370000126
1643184000,37338.6,37700.17,37324.58,37591.42,1817.91907,2185.9120970000126
1643187600,37591.42,37975.57,37563.47,37650,2418.87524,2206.4470715000125
1643191200,37650.01,38173.2,37550,37940.46,2096.40733,2036.6041760000128
1643194800,37940.46,38248.92,37778.18,38072.77,2974.73728,1988.1808930000127
1643198400,38072.77,38090.61,37742.76,37749.2,1935.96958,1954.3254565000127
1643202000,37749.68,38275,37475.01,38193.48,3545.6505,1966.654062500013
1643205600,38193.48,38499,38055.76,38223.52,3824.86357,2052.697945000013
1643209200,38223.51,38369.03,37819.97,37985,3486.56576,2130.056395500013
1643212800,37985.01,38295.65,37911.66,38264.86,1682.49321,2106.179325500013
1643216400,38264.85,38380.01,38007.03,38040.9,1917.78472,2126.696425000013
1643220000,38040.9,38300,37565,37961.15,3544.88678,2267.8809825000126
1643223600,37961.15,38919.98,37311.58,37579.9,12243.82668,2835.3307810000124
1643227200,37576.67,37580.03,36668.23,37015.05,6182.33781,3087.6543605000124
1643230800,37015.05,37181.85,36322.54,36323.08,3204.91046,3166.822910000012
1643234400,36327.35,36583.8,36234.63,36509.4,2050.62594,3217.6101040000117
1643238000,36509.41,36886.68,36439.02,36809.34,1685.67053,3149.406134000012
1643241600,36807.24,37080,36655.79,37004.43,2074.29018,3121.021310500012
1643245200,37004.43,37005.84,35833.56,35882.21,3376.02847,3195.611213500012
1643248800,35882.21,36041.84,35681.77,36008.69,2675.43678,3216.863169000012
1643252400,36008.69,36243.32,35507.01,35745.7,2650.83156,3269.505572500012
1643256000,35745.7,36000,35692.61,35930.8,2846.15453,3320.917345500012
1643259600,35930.8,36091,35820.44,35973.39,2262.56977,3313.1020720000115
1643263200,35977.88,36175.64,35818.77,36139.09,1872.14471,3301.888941000011
1643266800,36139.09,36303.8,35915,36173.87,1860.34114,3246.169134000011
1643270400,36177.17,36500,35815.8,36450,2112.75603,3255.008456500011
1643274000,36449.99,36611.21,36333,36525.85,2294.32365,3192.442114000011
1643277600,36525.84,36649.61,36290.31,36318.22,1385.52094,3070.474982500011
1643281200,36318.22,36781.79,36290.01,36679.98,1707.19659,2981.506524000011
1643284800,36679.98,36784.27,36423.46,36668.23,1846.0629,2989.6850085000106
1643288400,36668.23,36849.37,36543.16,36830.89,1852.85289,2986.4384170000108
1643292000,36830.88,37199,36679.99,36882.03,2826.17783,2950.5029695000107
1643295600,36882.02,37030,36510,36639.43,2139.96762,2445.310016500011
1643299200,36639.43,36787.77,36327.13,36528.86,1843.62877,2228.3745645000113
1643302800,36528.85,36600,36161.41,36282.03,1493.88279,2142.8231810000116
1643306400,36282.02,36345.76,36022.07,36215.49,1606.52202,2120.6179850000112
1643310000,36215.49,36327.72,35883.82,36209.2,1971.02943,2134.8859300000113
1643313600,36209.19,36435.7,35557.96,35583.5,2461.62784,2154.2528130000114
1643317200,35583.5,36330.83,35538.75,36187.01,2304.11782,2100.6572805000114
1643320800,36187.01,37000,35890.02,36705.27,3294.65777,2131.6183300000116
1643324400,36704.68,37234.47,36693.22,37160.1,2262.75731,2112.2146175000116
1643328000,37160.11,37467.98,37046.15,37157.27,2204.86551,2080.150166500012
1643331600,37157.26,37222.73,36720.01,36880.8,1828.36966,2058.440161000012
1643335200,36880.79,36973.56,36500,36935.62,1938.13929,2061.7398900000117
1643338800,36936.33,37450,36901.45,37351.83,2146.26416,2076.0360410000117
1643342400,37351.83,37449.98,36986.43,37223.18,1593.21951,2050.059215000012
1643346000,37223.19,37328.87,37091.2,37205.6,1226.26364,1996.656214500012
1643349600,37206.17,37500,36907.02,36907.14,1824.47514,2018.603924500012
1643353200,36907.14,37099.09,36777.77,36799.82,1930.9875,2029.7934700000121
1643356800,36799.82,36882.22,36429.62,36658.47,1829.32817,2028.9567335000124
1643360400,36658.46,36853.09,36401.44,36486.09,1662.1471,2019.4214440000123
1643364000,36486.1,36678.19,36325.33,36615.35,1543.09172,1955.2671385000122
1643367600,36615.35,36650,36287.03,36448.28,1593.88827,1927.9631710000122
1643371200,36447.67,36594.59,36155.01,36278.6,1722.28784,1921.8961245000119
1643374800,36278.6,36989.92,36213.24,36910.46,2635.32344,1978.9681570000116
1643378400,36906.58,37096.08,36600,36759.65,2740.25615,2035.654863500012
1643382000,36759.65,37300,36682.24,37188.98,2727.21213,2073.4639985000117
1643385600,37188.99,37376.7,37000.01,37103.62,1666.64111,2033.7146620000117
1643389200,37103.63,37193.42,36774.43,36843.6,1322.31184,1984.6243630000117
1643392800,36843.59,37137.09,36785.8,37050.57,1217.1557,1880.749259500012
1643396400,37050.56,37238.11,36765.05,37222.86,1133.15411,1824.269099500012
1643400000,37222.85,37858.19,37134.65,37758.01,2350.29717,1831.5406825000118
1643403600,37758,38000,37660.88,37788.87,1701.81819,1825.2131090000119
1643407200,37788.87,37943.55,37653.36,37655.01,951.05179,1775.8587340000117
1643410800,37655.01,37850,37642.05,37716.56,665.72042,1701.8315470000118
1643414400,37716.57,37983.41,37647.01,37788.27,1192.0404,1681.772591500012
1643418000,37788.27,37899.99,37473.07,37535.77,1181.30907,1679.524863000012
1643421600,37535.76,37635.93,37448.58,37530.75,904.78617,1633.5404145000118
1643425200,37530.74,37750,37490.1,37737.73,837.02319,1578.842199000012
1643428800,37737.72,37916.08,37726.32,37814.46,719.2119,1523.3363855000118
1643432400,37814.47,37834.99,37613.01,37653.72,728.34049,1476.6460550000118
1643436000,37653.71,37835,37589.44,37739.78,1012.4948,1450.1162090000118
1643439600,37739.78,37925,37656.57,37836.99,967.94082,1418.818836500012
1643443200,37836.98,37923,37750,37785.82,1004.4366,1382.926274500012
1643446800,37785.82,37786.85,37544.94,37703.24,709.55783,1286.637994000012
1643450400,37703.25,37809.83,37597.11,37756.19,679.36743,1183.5935580000119
1643454000,37756.2,37788.24,37662.44,37736.07,426.51029,1068.5584660000118
1643457600,37736.06,37916.99,37623.01,37847.57,755.03752,1022.9782865000118
1643461200,37847.57,38186.11,37733.04,38161.69,1782.61817,1045.993603000012
1643464800,38161.69,38198.82,37507.72,37620.04,1985.59542,1084.415589000012
1643468400,37620.04,37735.67,37268.44,37566.82,1881.67209,1121.841488000012
1643472000,37567.98,37603.57,37317.37,37538.19,1102.74218,1059.4637385000121
1643475600,37538.19,37720.77,37532.15,37646.31,784.47184,1013.5964210000122
1643479200,37646.31,37904.19,37556.56,37806.23,772.06693,1004.6471780000122
1643482800,37806.24,37950,37781.49,37853,671.54974,1004.938644000012
1643486400,37853,38650,37816.21,38340.03,2848.57779,1087.7655135000118
1643490000,38340.03,38720.74,38279.99,38358.32,1378.11408,1097.605764000012
1643493600,38358.32,38411.72,38045.27,38140,1008.45341,1102.789126000012
1643497200,38140,38185.8,37906.26,38166.84,795.57866,1100.7168995000118
1643500800,38166.83,38281.24,37737.49,37816.45,1184.00777,1123.956693000012
1643504400,37816.46,37976.29,37788.87,37931.75,716.9955,1123.389443500012
1643508000,37931.75,38054.18,37873.59,37951.8,827.14758,1114.122082500012
1643511600,37951.79,38044.24,37881.55,37917.13,649.81836,1098.215959500012
1643515200,37917.13,38183.86,37901.17,38099.34,497.0742,1072.847839500012
1643518800,38100.02,38300,38087.02,38139.39,781.35435,1076.437665500012
1643522400,38139.38,38152.79,38038.95,38098.51,815.2619,1083.232389000012
1643526000,38098.51,38290,38098.51,38244.98,585.29997,1091.1718730000123
1643529600,38244.98,38359.26,37966.15,38000,1156.08695,1111.2243445000122
1643533200,37999.99,38073.45,37795,37889.48,1518.69315,1098.0280935000121
1643536800,37889.49,38189.19,37829,38184.74,1234.86371,1060.4915080000121
1643540400,38184.74,38259.14,37958.13,38110.02,803.22993,1006.5694000000121
1643544000,38110.03,38153.82,37849.53,37938.47,719.04878,987.3847300000122
1643547600,37937.21,37998.99,37823.08,37963.22,549.75372,975.6488240000123
1643551200,37963.21,37999.9,37712.05,37838.99,925.6602,983.3284875000121
1643554800,37839,38041.32,37778.2,37980.09,739.6671,986.7343555000122
1643558400,37977.47,38074.76,37800,37832.44,586.32887,873.6219095000122
1643562000,37832.45,37994.87,37751.72,37991,554.76321,832.4543660000123
1643565600,37991,38020.39,37813.79,37820.95,491.34455,806.5989230000123
1643569200,37820.96,37827.14,37442.52,37512.37,1718.81204,852.7605920000124
1643572800,37512.37,37740,37351.63,37684.45,1037.92256,845.4563315000123
1643576400,37684.45,37762.6,37492.25,37729,874.06052,853.3095825000122
1643580000,37729,37855.54,37625.41,37785.78,734.65855,848.6851310000122
1643583600,37785.78,38230,37778.46,37881.76,1728.8118,902.6348030000123
1643587200,37881.75,37951.07,36828.32,36829.3,2907.71096,1023.1666410000123
1643590800,36829.3,36960.67,36760.87,36821.05,1423.26744,1055.2622955000122
1643594400,36823.19,37004.55,36632.61,36993.58,1846.10363,1106.8043820000123
1643598000,36994.69,37058.82,36925.27,37025.68,961.28704,1125.6037355000121
1643601600,37025.68,37026.29,36811.48,36912.84,744.81356,1105.040066000012
1643605200,36912.84,37019.76,36850,37001.65,744.80275,1066.345546000012
1643608800,37001.66,37077.46,36916.78,36916.78,831.06345,1046.1555330000122
1643612400,36916.79,37196.91,36880.6,37121.83,827.67942,1047.378007500012
1643616000,37121.84,37211.12,37100.71,37145.63,1032.91464,1063.071300500012
1643619600,37144.71,37256.14,37085.23,37212.53,714.57733,1071.312481000012
1643623200,37212.53,37350,37156.8,37300.31,812.93941,1065.676441500012
1643626800,37300.31,37399.93,36880,37265.16,1460.26909,1101.706541000012
1643630400,37265.15,37421.3,36828.52,37081.15,1665.8575,1155.682972500012
1643634000,37084.17,37347.83,36724,37251.08,1706.02333,1213.245978500012
1643637600,37251.07,37524.78,37193.77,37510.84,2024.77703,1289.917602500012
1643641200,37510.85,37900,37510.84,37722.91,3594.15508,1383.6847545000119
1643644800,37722.91,38414,37671.46,38341.99,3171.08823,1490.343038000012
1643648400,38341.99,38600,38122.83,38473.03,3055.46443,1599.413233500012
1643652000,38473.03,38600,38342.89,38468.29,1319.70238,1628.665425000012
1643655600,38468.29,38744,38383.91,38415.79,1944.84957,1639.467313500012
1643659200,38415.79,38563.37,38236.69,38450.62,1639.69627,1576.066579000012
1643662800,38450.62,38531.53,38335,38410.09,923.75238,1551.0908260000122
1643666400,38410.09,38737.99,38398.58,38412.46,927.8468,1505.1779845000121
1643670000,38412.45,38510.28,38336.04,38466.9,574.60408,1485.8438365000122
1643673600,38466.9,38627.35,38276.43,38342.36,1058.42599,1501.5244580000121
1643677200,38342.37,38407,38175.86,38238.19,777.8631,1503.1774755000122
1643680800,38238.18,38506.18,38196.61,38480.9,766.83847,1499.966226500012
1643684400,38480.9,38649.9,38384.99,38596.82,946.45649,1505.905080000012
1643688000,38596.82,38644.57,38470.37,38556.82,758.92782,1492.2057390000123
1643691600,38556.83,38618.67,38444.26,38452.9,703.01456,1491.6276005000122
1643695200,38452.89,38482.91,38240,38285.02,1246.89537,1513.3253985000122
1643698800,38285.01,38462.69,38281.16,38440.77,708.0703,1475.715459000012
1643702400,38440.76,38624.24,38398.54,38597.53,793.02544,1432.073856000012
1643706000,38597.54,39100,38224.41,38256.12,4270.80387,1560.3128830000119
1643709600,38256.12,38367.16,38000,38253.57,2105.11598,1564.329830500012
1643713200,38255.46,38471.43,38204.79,38425.06,1032.06336,1436.2252445000117
1643716800,38425.05,38800,38372,38650,1456.53967,1350.4978165000116
1643720400,38650.01,38965.99,38454,38872.21,1951.15553,1295.2823715000118
1643724000,38872.2,39034.47,38304.52,38509.46,3170.70783,1387.8326440000117
1643727600,38509.46,38649.57,38190.42,38630.33,2242.40938,1402.7106345000118
1643731200,38630.32,39265.2,38587.96,39110.89,3016.77143,1471.5643925000118
1643734800,39110.89,39171.94,38655.35,38867.24,1950.07901,1522.880724000012
1643738400,38868.01,38900,38460.2,38533.15,1130.81481,1533.029124500012
1643742000,38533.14,38595.6,38341.06,38378.09,1211.90981,1564.8944110000118
1643745600,38378.1,38735.63,38369,38512.08,1134.06888,1568.6765555000118
1643749200,38512.86,38819,38490,38785.53,907.43829,1575.155315000012
1643752800,38785.52,38853.23,38532.45,38697.55,629.43065,1568.2849240000119
1643756400,38697.56,38889,38602.3,38694.59,605.62059,1551.2431290000118
1643760000,38694.59,38855.92,38429.03,38557.27,1187.94325,1572.6939005000118
1643763600,38557.27,38668.84,38374.78,38439.76,1052.16968,1590.1516565000118
1643767200,38439.76,38665.69,38385.19,38622.81,505.6474,1553.089258000012
1643770800,38619.71,38749.99,38544.87,38552.87,555.13134,1545.442310000012
1643774400,38552.87,38555.33,38378.65,38423.44,1141.11423,1562.8467495000118
1643778000,38423.44,38519.78,38300,38416.38,932.7053,1395.941821000012
1643781600,38416.38,38541.27,38196.42,38277.51,915.23311,1336.447677500012
1643785200,38281.18,38388.46,38200,38284.69,754.53449,1322.5712340000123
1643788800,38282.14,38465.21,38225,38447.49,1014.70067,1300.4792840000123
1643792400,38447.5,38564.87,38388,38530.85,901.66424,1248.004719500012
1643796000,38530.1,38597.95,38359.08,38566.26,922.6473,1135.6016930000121
1643799600,38566.25,38577.21,38427.02,38490,601.82559,1053.572503500012
1643803200,38490,38773.41,38468.8,38723.99,1257.76358,965.6221110000121
1643806800,38724,38772.24,38335.83,38361.61,1421.44402,939.1903615000119
1643810400,38361.61,38437.02,37611,37703.72,4280.39457,1096.669349500012
1643814000,37703.72,37824.17,37361.49,37429.78,3502.09292,1211.178505000012
1643817600,37429.78,37435.9,37066.66,37336.71,3497.25132,1329.337627000012
1643821200,37336.71,37550,37269.25,37469.99,1308.70536,1349.4009805000119
1643824800,37469.99,37530.98,37380.01,37486.42,880.98096,1361.978496000012
1643828400,37486.41,37674.34,37401.75,37566.56,1166.16549,1390.005741000012
1643832000,37566.56,37662.14,37400.17,37566,1479.58286,1404.5877215000119
1643835600,37566,37612.66,36586.95,36922.51,3452.00636,1524.5795555000118
1643839200,36922.51,37211,36820.5,37006.93,1538.78106,1576.236238500012
1643842800,37006.93,37133.16,36797.18,36896.36,1524.1962,1624.6894815000119
1643846400,36896.37,37049.65,36763.4,36878.39,1812.53895,1658.2607175000117
1643850000,36878.38,36996.39,36753,36845.52,1106.46884,1666.9488945000116
1643853600,36845.52,36958.97,36720.01,36958.68,1068.81062,1674.6277700000114
1643857200,36958.67,36960,36772.11,36820.83,629.52766,1668.3774285000115
1643860800,36822.5,36957,36780.04,36906.99,639.91773,1649.6382815000118
1643864400,36906.99,37081.55,36834.32,36991.62,1910.09664,1700.059901500012
1643868000,36991.63,37006.56,36835.14,36924.01,1083.97686,1708.1263795000123
1643871600,36924.01,37093.03,36916.61,37024.16,969.40725,1726.505462500012
1643875200,37024.16,37106.91,36925.25,37077.65,851.30612,1706.1825895000122
1643878800,37077.66,37090,36593.4,36614.91,1339.46411,1702.083594000012
1643882400,36614.9,36666.67,36250.73,36378.83,2413.18982,1608.723356500012
1643886000,36378.83,36796.44,36292.61,36785,1771.47993,1522.1927070000122
1643889600,36785,36791.98,36250,36694,1897.12482,1442.1863820000121
1643893200,36690.76,36774.58,36451,36585.08,1362.70695,1444.8864615000123
1643896800,36585.08,36792.17,36484,36505.71,1696.69851,1485.672339000012
1643900400,36505.71,36976.89,36474.92,36910.05,1915.37708,1523.132918500012
1643904000,36910.06,37104.6,36686.65,36687,1339.84919,1516.1462350000122
1643907600,36686.65,36886.3,36518.13,36831.51,1071.90257,1397.141045500012
1643911200,36831.52,36853.03,36698,36762.69,799.74746,1360.189365500012
1643914800,36762.69,36830,36449.43,36551.7,1198.85605,1343.922358000012
1643918400,36551.71,36644.05,36270,36367.4,1199.79905,1313.2853630000122
1643922000,36367.43,37050,36357.87,36948.99,1911.35564,1353.5297030000122
1643925600,36949,37016.42,36800.01,36933.16,705.28717,1335.353530500012
1643929200,36933.16,37387,36865.49,37311.61,1386.22097,1373.188196000012
1643932800,37311.98,37343.77,37116.97,37180.53,1448.75667,1413.630143000012
1643936400,37180.52,37239.94,37026.73,37168.6,1084.34384,1372.3425030000121
1643940000,37168.59,37445.5,37140.19,37326.25,1544.8416,1395.385740000012
1643943600,37326.26,37420.51,37266.31,37297.62,977.10595,1395.770675000012
1643947200,37297.61,37356,37245,37289.34,1062.99863,1406.3553005000122
1643950800,37289.35,37689,37260.01,37547.01,2630.83036,1470.9236130000122
1643954400,37547.01,38025.6,37547,37990.02,2508.64163,1475.696203500012
1643958000,37990.02,38222,37838.13,37869.31,1825.08534,1478.376474000012
1643961600,37869.31,38047.98,37850.01,37957.32,1418.59898,1454.4501820000119
1643965200,37957.32,38140.39,37900,38014.01,1364.8923,1454.5594495000119
1643968800,38014,38236.08,37763.74,37879.74,1763.02639,1457.875843500012
1643972400,37879.74,37994.6,37810,37810,1269.60798,1425.5873885000121
1643976000,37810,38060.55,37810,37956.67,995.06572,1408.348215000012
1643979600,37956.67,38200,37362.72,37421.4,3517.48646,1530.6274095000122
1643983200,37421.41,38070.65,37290.2,37953.2,3218.65606,1651.5728395000122
1643986800,37953.2,39819.91,37886.9,39490.87,12542.88189,2218.774131500012
1643990400,39490.88,40600,39442.89,40268.51,9229.66749,2620.267553500012
1643994000,40268.51,40557.51,40180,40520.46,3408.59177,2695.129360000012
1643997600,40520.45,40662.01,40278.79,40469.27,2093.46861,2764.538432000012
1644001200,40469.27,40877,40366.99,40727.91,2345.90165,2812.522466000012
1644004800,40727.92,40884.96,40456.25,40588,2561.73047,2868.171156000012
1644008400,40588,40631.89,40426.23,40624.15,1506.16471,2889.262199500012
1644012000,40624.16,40666.98,40382.84,40641.74,1145.45021,2869.2926300000117
1644015600,40641.74,41772.33,40562.29,41574.25,3240.16403,2982.4455340000122
1644019200,41571.7,41913.69,41342.98,41471.41,4759.06054,3167.2486295000117
1644022800,41471.41,41535.73,41193.44,41274.08,1612.08923,3116.311573000012
1644026400,41274.08,41447.08,41173.36,41363.96,976.72246,3039.7156145000117
1644030000,41363.96,41471,41341.37,41447.85,860.91629,2991.5071620000117
1644033600,41447.85,41693.9,41369.69,41465.42,1277.42961,2984.448693500012
1644037200,41465.43,41656.25,41376.5,41525.27,1176.39063,2975.023610000012
1644040800,41525.26,41748.18,41480.41,41499.99,1081.8329,2940.9639355000118
1644044400,41500,41501.91,41373.27,41379.99,1074.3939,2931.203231500012
1644048000,41379.99,41600.1,41315.68,41436.23,1672.49856,2965.074873500012
1644051600,41437.62,41564.28,41099.92,41547.36,1282.88455,2853.3447780000124
1644055200,41547.36,41669,41418.41,41565.86,937.06959,2739.2654545000123
1644058800,41565.86,41633.39,41382,41430,1327.96761,2178.5197405000117
1644062400,41430,41513.6,41334.7,41379.13,1266.11873,1780.342302500012
1644066000,41379.12,41545.82,41348.62,41510.69,1370.6236,1678.443894000012
1644069600,41510.7,41755.3,41385.46,41458.73,1279.3313,1637.737028500012
1644073200,41458.73,41899.54,41326.17,41761.85,2100.85308,1625.484600000012
1644076800,41761.87,41854.81,41230,41283.81,1777.76781,1586.2864670000122
1644080400,41283.81,41686.28,40843.01,41583.93,2699.97121,1645.9767920000122
1644084000,41583.94,41742.45,41505.79,41683.89,773.47937,1627.3782500000123
1644087600,41683.89,41688.18,41487.04,41544.9,664.24227,1498.5821620000122
1644091200,41544.9,41696.5,41380.11,41644,774.54589,1299.3564295000124
1644094800,41647.78,41771.85,41555.55,41627.47,618.95127,1249.6995315000124
1644098400,41627.48,41757.35,41558.17,41579.88,490.23034,1225.3749255000123
1644102000,41579.89,41643.47,41349.81,41382.59,675.77084,1216.1176530000123
1644105600,41382.6,41526.22,41340.35,41478.68,495.10741,1177.0015430000124
1644109200,41478.67,41640,41475.85,41606.03,567.02825,1146.5334240000122
1644112800,41606.04,41628.19,41462.73,41534.56,602.64639,1122.5740985000123
1644116400,41534.57,41556.01,41431.13,41444.04,399.475,1088.8281535000121
1644120000,41444.03,41545.41,41305.29,41543.41,706.11945,1040.509198000012
1644123600,41543.41,41587.44,41490.38,41572.96,364.03309,994.5666250000122
1644127200,41572.97,41580.04,41401.58,41451.37,478.02756,971.6145235000122
1644130800,41451.37,41714.18,41405.92,41612.33,719.75161,941.2037235000122
1644134400,41612.32,41660.63,41489.95,41640,629.80212,909.3878930000122
1644138000,41640,41672.99,41579.98,41648.99,479.40829,864.8271275000122
1644141600,41649,41700.01,41531.16,41578.68,484.01162,825.0611435000122
1644145200,41578.68,41627.63,41444,41522,437.08913,741.8729460000122
1644148800,41522,41645.34,41487.82,41610.99,596.48693,682.8089020000123
1644152400,41610.99,41834.99,41479.28,41692.35,1375.97812,616.6092475000123
1644156000,41692.35,42168,41204.45,41306.34,3357.29142,745.7998500000123
1644159600,41306.34,41600,41116.56,41519.49,2034.81916,814.3286945000121
1644163200,41519.48,41698.08,41417.23,41640.85,876.97558,819.4501790000122
1644166800,41640.84,41747.4,41546.65,41644.84,748.35666,825.9204485000122
1644170400,41644.84,41674.43,41426.6,41509.04,612.59519,832.0386910000121
1644174000,41509.04,41732,41487.99,41717.94,498.06208,823.1532530000122
1644177600,41717.93,41748.03,41500.23,41569.99,669.83009,831.8893870000122
1644181200,41569.99,41720.85,41535.16,41649.98,434.66354,825.2711515000123
1644184800,41649.98,41782.8,41536.86,41590.73,472.18573,818.7481185000122
1644188400,41590.74,42656,41478.86,42380.87,4365.42262,1017.0454995000122
1644192000,42380.87,42500,41645.85,41830.55,2654.75283,1114.4771685000123
1644195600,41830.54,42266.27,41699.99,42098.41,2097.84745,1201.1678865000124
1644199200,42102.42,42695,42095.13,42332.99,2958.78056,1325.2055365000124
1644202800,42333,42944.2,42332.23,42818.99,2210.08648,1399.7222800000122
1644206400,42819,42900,42700,42815.74,1650.32562,1450.7484550000122
1644210000,42815.73,43000,42685.34,42798.1,2096.69625,1531.6128530000124
1644213600,42798.09,42823,42653.33,42749.36,1085.72351,1561.6984475000122
1644217200,42749.35,42768.33,42551.96,42723.92,1076.01009,1593.6444955000122
1644220800,42723.91,42767.69,42522.08,42596.49,1204.2367,1624.0319840000125
1644224400,42596.49,42636.46,42234.09,42410.63,1695.93013,1640.0295845000123
1644228000,42410.62,42640.2,42350,42560,1150.42707,1529.6863670000125
1644231600,42559.99,42754.56,42559.99,42720.03,1725.40331,1514.2155745000125
1644235200,42720.03,42790.6,42490.02,42639.93,1257.33129,1533.2333600000125
1644238800,42639.92,42900,42611.77,42799.47,1272.08618,1559.4198360000123
1644242400,42799.47,43475.08,42766.06,43411.15,4505.33198,1754.0566755000123
1644246000,43411.16,43895.02,43105,43835.59,4320.62993,1945.1850680000123
1644249600,43835.59,44077,43484.91,43797.71,4092.4348,2116.3153035000123
1644253200,43797.7,44313.19,43601,44204.42,2315.73714,2210.3689835000123
1644256800,44204.41,44500.5,43708,44065.25,3442.24216,2358.8718050000125
1644260400,44065.25,44495.02,43954.32,44252.8,2208.88557,2251.044952500012
1644264000,44252.31,44438.93,43792.77,44131.88,2240.66458,2230.3405400000124
1644267600,44131.88,44248.71,43769.64,44085.24,1560.3792,2203.4671275000123
1644271200,44085.23,44180.29,43966.52,44068.99,832.12185,2097.1341920000127
1644274800,44069.99,44190.58,43742.9,43839.99,1406.55538,2056.9576370000127
1644278400,43839.99,43992.53,43555.72,43850,2234.79248,2086.180980000013
1644282000,43849.99,44077.77,43798.8,44042.35,1064.18637,2034.5554860000127
1644285600,44042.34,44102.5,43888.55,43954.99,1129.66778,2036.7526995000128
1644289200,43955.01,44185,43835.41,44178.57,1660.77202,2065.9907960000123
1644292800,44178.57,44363.34,44073.73,44362.01,1646.56491,2088.1072065000126
1644296400,44362.02,45000,44234.54,44883.08,2746.06,2140.613700000012
1644300000,44883.08,45492,44237.74,44791.58,5934.69128,2379.826910500012
1644303600,44791.58,44927.83,44604.48,44855,2154.79837,2401.296663500012
1644307200,44855,44919.77,43750,44004.51,5353.49308,2606.104753000012
1644310800,44004.51,44257.55,43520.96,43859.02,6638.10638,2874.405763000012
1644314400,43859.01,43938.45,43569.76,43857,3165.50946,2807.4146370000117
1644318000,43857,44066.02,43711.1,43988.3,1548.07687,2668.7869840000117
1644321600,43988.3,43988.31,43105.3,43458.92,3510.11939,2639.6712135000116
1644325200,43458.92,43632.37,43193.02,43624.95,3472.02736,2697.4857245000117
1644328800,43624.95,43856.28,43525.6,43579.31,1854.86741,2618.1169870000112
1644332400,43580.08,43585.85,42854.81,43429.31,3595.45402,2687.4454095000115
1644336000,43429.32,43685.2,42910,43017.01,2906.60182,2720.7422715000116
1644339600,43017,43204.03,42666,42953.86,3037.85262,2794.6159425000114
1644343200,42953.87,43259.8,42850.01,42978.55,1403.83258,2823.201479000011
1644346800,42978.56,43130,42700,42998.65,1746.88616,2840.2180180000114
1644350400,43000.53,44349.99,42938.36,44271.95,3828.79738,2919.918263000012
1644354000,44271.95,44393.36,43849.9,44180.36,2330.74281,2983.246085000012
1644357600,44180,44274.69,43865.22,44062.89,924.05397,2972.965394500012
1644361200,44062.89,44299.98,44013.56,44042.99,992.33935,2939.543761000012
1644364800,44043,44341.88,43958.7,44243.99,1535.22505,2933.9767680000123
1644368400,44243.99,44247.54,43800.39,43861.21,1576.45026,2875.496281000012
1644372000,43861.22,43926.83,43117.92,43340.22,2187.32562,2688.127998000012
1644375600,43340.23,43488.57,43252.76,43343.28,1023.3498,2631.5555695000126
1644379200,43343.28,43569.65,43313.98,43453.49,859.03162,2406.832496500013
1644382800,43453.49,43749,43125,43584.93,1117.57236,2130.8057955000127
1644386400,43584.93,43831.05,43533.73,43700.01,1294.67169,2037.2639070000128
1644390000,43700.01,43918.52,43416.21,43807.75,1360.42784,2027.8814555000129
1644393600,43807.75,43939,43181.91,43399.78,1706.98263,1937.7246175000128
1644397200,43399.78,43662.06,43300,43386.75,992.64129,1813.7553140000127
1644400800,43386.75,43737.61,43365.44,43614.04,1033.94399,1772.7091430000128
1644404400,43611.23,43824.35,43371.62,43715.45,1524.52784,1669.1628340000127
1644408000,43715.46,44349.23,43617.61,44141.56,2342.88799,1640.9771425000126
1644411600,44141.57,44471.4,43863.16,43938.87,2401.50828,1609.1599255000124
1644415200,43938.87,44265.41,43780.73,44092.39,1595.65862,1618.7512275000124
1644418800,44092.39,44197.97,43794.01,43867.63,1471.53927,1604.9838830000124
1644422400,43867.63,44148.11,43579.66,44077.34,1894.12606,1508.2503170000123
1644426000,44077.34,44318.77,43977.69,44066,1099.18321,1446.6723370000122
1644429600,44066.01,44175,43922.14,44167.65,749.0165,1437.9204635000124
1644433200,44167.64,44700,44133.44,44463.43,2447.12966,1510.6599790000123
1644436800,44466.23,44799,44342.03,44765.18,1424.13903,1505.1056780000122
1644440400,44765.19,44799,44436.69,44452.14,950.56435,1473.8113825000123
1644444000,44452.14,44591,44189,44557.76,923.99087,1410.6446450000124
1644447600,44557.75,44588.04,44200,44372.72,916.27346,1405.2908280000124
1644451200,44372.71,44400,44030.1,44103.29,1611.55153,1442.9168235000122
1644454800,44103.29,44261.25,44028.57,44253.22,1054.58247,1439.7673290000125
1644458400,44253.23,44360,43800,43800.01,1402.61623,1445.1645560000125
1644462000,43800,43858.41,43542.14,43775.42,1288.67942,1441.5771350000125
1644465600,43775.42,43911.57,43575.22,43783.82,942.91797,1403.3739020000125
1644469200,43784.72,43906.3,43703.78,43879.78,584.94538,1382.9891065000124
1644472800,43879.78,43997.18,43757.57,43874.66,998.48493,1381.2161535000125
1644476400,43874.67,44131.6,43856.46,44092.42,820.38215,1346.0088690000125
1644480000,44092.43,44299.45,44055.86,44215,1096.54043,1283.6914910000128
1644483600,44215,44499,44091.98,44400.01,1297.63381,1228.4977675000125
1644487200,44400,44759.55,44361.36,44644.36,1853.01909,1241.3657910000127
1644490800,44644.74,45177.96,44563.23,44834.09,3007.64984,1318.1713195000127
1644494400,44834.09,44989.79,44486.43,44807.73,2469.95558,1346.9627955000128
1644498000,44807.73,45060,43630.01,43642.98,7767.0184,1680.3545550000126
1644501600,43642.98,44368.63,43174.01,44356.08,5920.25871,1938.9166655000129
1644505200,44354.92,45669.71,44154.59,44947.1,8812.36337,2257.1783510000128
1644508800,44947.12,45540.75,44846.59,45382.86,4524.72035,2412.2074170000133
1644512400,45382.86,45821,45013.31,45330.43,3832.52997,2556.3056980000133
1644516000,45330.43,45400,44850,45217.94,2455.79227,2632.895768000013
1644519600,45218.18,45254.95,44341.07,44373.97,2568.06418,2715.4853040000135
1644523200,44373.95,44601.14,43785.93,44102.4,3300.10206,2799.912830500013
1644526800,44102.41,44199.99,43700,43749.99,1740.89989,2834.2287015000134
1644530400,43749.3,44079.45,43612.6,43957.59,1185.74044,2823.384912000013
1644534000,43957.58,44047.61,43333.42,43495.44,1820.84244,2849.9930630000135
1644537600,43495.44,43559.45,42600,43040.01,4272.89598,3016.4919635000133
1644541200,43040.01,43749.86,42937.85,43169.78,3215.34822,3148.0121055000136
1644544800,43169.78,43196.82,42817.93,43127.36,1146.79632,3155.4276750000136
1644548400,43127.36,43408.63,43088.07,43343.71,1475.88678,3188.202906500014
1644552000,43342.92,43370.79,42918.12,43091.1,893.26039,3178.038904500014
1644555600,43091.09,43091.58,42836,42848.1,1103.70359,3168.3423935000137
1644559200,42848.09,43281.46,42814.23,43248.73,947.21964,3123.052421000014
1644562800,43248.74,43416.22,43170.35,43359.25,997.55444,3022.547651000014
1644566400,43359.24,43555.92,42987.01,43000.32,1322.06234,2965.152989000014
1644570000,43000.32,43600,42851,43492.64,2103.26025,2681.9650815000136
1644573600,43492.63,43569.67,43233.67,43443.77,1305.62692,2451.2334920000135
1644577200,43443.78,43523.42,43320,43357.53,744.52418,2047.8415325000137
1644580800,43357.53,43700.78,43253.31,43570.77,1317.54694,1887.482862000014
1644584400,43570.77,43826,43503.01,43765.14,1564.2518,1774.0689535000135
1644588000,43765.15,43920,43284.4,43514.72,3110.59053,1806.8088665000137
1644591600,43514.72,43810.97,43501.56,43669.01,1588.71243,1757.8412790000136
1644595200,43669.02,43767.16,43424.99,43577.92,1658.28224,1675.7502880000134
1644598800,43577.91,43723.78,43374.02,43417.18,1204.45876,1648.9282315000135
1644602400,43417.18,43500,42581.07,42664.58,2949.24691,1737.1035550000136
1644606000,42664.58,43180.9,42050,42742.63,4798.88874,1886.0058700000136
1644609600,42742.63,42865.58,42217.55,42338.66,3170.07889,1830.8650155000134
1644613200,42338.65,42735.78,42293.09,42543.6,1194.11033,1729.8031210000136
1644616800,42542.02,42604.19,42000,42155.01,1498.57092,1747.3918510000135
1644620400,42155,42443.38,41938.51,42373.73,1392.29116,1743.2120700000135
1644624000,42373.73,42415.45,42221.38,42311,1040.25762,1750.561931500013
1644627600,42311,42485.66,42252.58,42447.82,812.96442,1736.024973000013
1644631200,42447.83,42480.55,42338.95,42449.73,448.85351,1711.106666500013
1644634800,42449.75,42450,42156.99,42288.46,986.2191,1710.539899500013
1644638400,42288.45,42428.3,42223.88,42287,748.95378,1681.8844715000134
1644642000,42287.01,42414.84,42200,42272.01,571.19451,1605.2811845000135
1644645600,42272.01,42315.88,41688.88,42039.37,1907.8510000000144,1635.3923885000142
1644649200,42039.38,42232.92,41935.02,42103.94,1140.0506299999856,1655.1687110000134
1644652800,42103.94,42382.71,42101.11,42278.6,1086.2431900000056,1643.6035235000138
1644656400,42278.6,42459.06,42230.81,42393.81,847.7428400000014,1607.778075500014
1644660000,42393.8,42399.3,42100,42263.62,748.8226099999816,1489.689679500013
1644663600,42263.62,42430.54,41888.82,42406.48,1129.8380799999989,1466.745962000013
1644667200,42406.48,42445.85,42200.24,42276.3,761.1476699999936,1421.8892335000126
1644670800,42276.3,42340.46,42078.79,42099.17,759.1899299999961,1399.6257920000123
1644674400,42099.17,42218.92,41800.13,42160.63,1823.1462399999775,1343.3207585000112
1644678000,42160.62,42207.03,41833.31,42123.93,1279.2070400000223,1167.3366735000122
1644681600,42123.92,42806.65,41995.2,42730.49,2924.8856200000732,1155.077010000016
1644685200,42730.49,42804.03,42548.62,42723.95,874.2933700000066,1139.0861620000164
1644688800,42723.94,43079.49,42723.94,42829.94,1434.492309999997,1135.8822315000164
1644692400,42829.94,42882.66,42608.56,42662.47,844.4007999999957,1108.487713500016
1644696000,42662.47,42752.99,42475.16,42622.67,711.3398999999959,1092.0418275000159
1644699600,42622.66,42622.67,41700,41877.82,2237.2104200000144,1163.2541275000165
1644703200,41877.82,42226.29,41830.01,42175.51,979.9655199999921,1189.809728000016
1644706800,42175.52,42250.87,42058.83,42217.87,458.93817000000564,1163.4456815000162
1644710400,42217.87,42508.47,42057.26,42390.82,893.6894600000068,1170.6824655000166
1644714000,42390.81,42499.35,42198.86,42233.77,594.5353600000036,1171.8495080000168
1644717600,42233.77,42275.11,42102.22,42219.44,374.6156399999986,1095.1877400000162
1644721200,42219.43,42298.29,42150,42230,467.303850000001,1061.5504010000168
1644724800,42229.99,42333.24,42119.35,42204.84,331.6836900000021,1023.8224260000167
1644728400,42204.83,42314.02,42120,42268.49,301.68910000000074,996.5197390000164
1644732000,42268.5,42430,42215,42426.18,522.1008399999959,985.1836505000172
1644735600,42423.88,42490.01,42300,42412.4,622.3704099999978,959.8102670000173
1644739200,42412.39,42500,42328.92,42443.06,494.6547099999727,946.4856190000162
1644742800,42443.06,42447.99,42269.64,42310.59,514.0313400000011,934.2276895000165
1644746400,42310.59,42634.86,42243.48,42570,910.1615200000031,888.5784535000178
1644750000,42570,42654.64,42412.33,42470.73,715.6829399999896,860.402248500016
1644753600,42470.72,42631.89,42415.6,42468.44,505.68603999999914,739.4422695000122
1644757200,42468.43,42568.63,42400.6,42506.34,491.05458999999615,720.2803305000117
1644760800,42506.34,42714.48,42138.17,42535.07,1526.4375199999886,724.8775910000113
1644764400,42535.07,42760,42498.09,42559.97,1095.649510000003,737.4400265000116
1644768000,42559.97,42580,42208.21,42311.15,1209.4933599999968,762.3476995000117
1644771600,42311.16,42311.16,42082.16,42267.4,1069.272689999944,703.9508130000082
1644775200,42267.39,42398.75,41870,41974.93,1251.2098399999982,717.5130290000085
1644778800,41974.93,42181.63,41875.38,42031.16,940.0911600000039,741.5706785000084
1644782400,42031.17,42446.55,41929.42,42441.44,912.0328499999982,742.487848000008
1644786000,42441.45,42497.85,42196.09,42200.2,606.2425900000035,743.0732095000079
1644789600,42200.21,42423.53,42200.18,42371.56,446.66397999999964,746.675626500008
1644793200,42371.56,42393.42,42018,42053.66,935.4810199999998,770.0844850000079
1644796800,42053.65,42180.04,41934.03,42113.12,926.0732400000046,799.8039625000081
1644800400,42116.92,42152,41550.56,41670.43,2170.215379999992,893.2302765000077
1644804000,41670.16,41839.95,41600,41703.81,1007.9348499999944,917.5219770000076
1644807600,41703.81,41971.76,41620.32,41916.43,1063.8584699999715,939.5963800000061
1644811200,41916.42,41985.18,41836.82,41962.01,716.0875999999996,950.6680245000074
1644814800,41962.01,42018.51,41767.27,41778.62,692.1735300000018,959.5751340000076
1644818400,41778.62,42276,41734.7,42184.55,1211.5367400000057,974.6438950000078
1644822000,42184.54,42368.21,42112.47,42314.42,1102.5062399999356,993.9850600000052
1644825600,42314.42,42415,42000.3,42033.61,1869.8373599999172,1062.1926260000012
1644829200,42033.61,42226.23,41956.76,42077.44,1271.5123999999628,1101.2155164999995
1644832800,42077.44,42279,41922.48,42225.3,1041.357769999986,1076.9615289999995
1644836400,42225.3,42270,42070.01,42117.87,736.7920100000013,1059.0186539999993
1644840000,42112.71,42591.49,41961.13,42535.39,2562.926679999811,1126.6903199999902
1644843600,42535.39,42687.37,42380.93,42491,1832.3693399999966,1164.8451524999928
1644847200,42490.99,42842.4,42467.73,42519.99,2067.4493200000156,1205.6571264999934
1644850800,42519.99,42653.84,42350,42584.97,2002.9964299998783,1258.8023899999873
1644854400,42584.97,42818.35,42550,42651,1713.3405999999025,1298.8677774999824
1644858000,42651,42807.67,42515.16,42570,1200.6995300000074,1328.5906244999826
1644861600,42570.01,42653.1,42212,42233.91,1367.7071199999687,1374.642781499981
1644865200,42233.91,42299.74,41803.17,42119.31,3445.5949300000025,1500.148476999981
1644868800,42119.31,42308.72,41933.95,42180.5,1425.444359999983,1525.11703299998
1644872400,42180.51,42282.1,42100,42234.5,628.4749599999833,1448.0300119999797
1644876000,42234.51,42750,42220.4,42678.07,1221.2480599999926,1458.6956724999795
1644879600,42678.07,42800,42529.51,42535.94,731.9936799999972,1442.102432999981
1644883200,42535.94,42668.43,42427.03,42576.18,875.5342499999867,1450.0747654999802
1644886800,42576.18,43700,42518.1,43465.96,3424.415790000204,1586.6868784999904
1644890400,43465.97,43685.7,43389.75,43569.79,1923.1527399998845,1622.2676784999844
1644894000,43569.78,43663.77,43501,43567.76,1146.2739299999866,1624.456062999987
1644897600,43567.75,43781.97,43459.41,43468.94,1450.53677000002,1603.491033499992
1644901200,43468.93,43626.48,43397.1,43573.44,829.32419,1581.3816229999939
1644904800,43573.45,43698.82,43521.75,43544.44,929.3008799999737,1575.7787784999932
1644908400,43544.45,43777,43527.26,43691.57,1118.6808800000758,1594.873221999997
1644912000,43691.57,44198.99,43608.67,43987.97,3872.238020000112,1660.3387890000117
1644915600,43987.97,44117.07,43829.88,44056.02,1877.9833999999944,1662.6194920000119
1644919200,44056.01,44371.71,43966.81,44270.01,2146.434569999918,1666.568754500007
1644922800,44270.01,44425.85,44111.11,44233.6,1481.666930000013,1640.5022795000136
1644926400,44233.6,44349.67,44129.49,44182.61,1376.5738299999762,1623.6639410000173
1644930000,44182.6,44305.66,44024.03,44240.69,1582.090640000013,1642.7334965000177
1644933600,44240.69,44500,44200.58,44249.99,2394.491070000077,1694.072694000023
1644937200,44250,44297.87,44109.02,44198.96,1741.425559999821,1608.8642255000138
1644940800,44198.97,44259.37,44011,44123.18,1533.1992699998534,1614.2519710000074
1644944400,44120,44156.43,43846.07,43925,1673.3421399999709,1666.4953300000066
1644948000,43924.99,44199.79,43870.13,44128.64,1026.5868299999975,1656.7622685000072
1644951600,44128.63,44131,43961.59,43993.95,682.0623399999971,1654.2657015000073
1644955200,43993.94,44169.63,43961.88,44140.76,1092.264939999993,1665.1022360000075
1644958800,44140.76,44162.42,43941.28,43969.02,632.3677399999901,1525.4998334999968
1644962400,43969.03,44377.92,43966.5,44169.17,1183.9091199999746,1488.5376525000015
1644966000,44169.18,44751.4,44103.71,44544.86,2099.607480000134,1536.2043300000087
1644969600,44544.85,44549.97,44125,44195.77,1229.0960099999907,1525.132292000007
1644973200,44195.77,44199.99,43945.32,43988.69,1298.8474699999972,1548.608456000007
1644976800,43988.68,44070.1,43877.18,44068.38,1101.6353999999565,1557.225182000006
1644980400,44068.39,44150.1,43942.27,43971.26,1162.9770499999847,1559.4399905000014
1644984000,43971.27,43974.95,43673.92,43893.67,1681.7974700000166,1449.9179629999967
1644987600,43893.68,44132.96,43886.37,44056.97,801.9925199999846,1396.1184189999963
1644991200,44056.97,44191.77,43998.54,44028.14,626.789409999986,1320.1361609999997
1644994800,44028.15,44191.04,43925.23,44184.2,700.9156399999464,1281.0985964999961
1644998400,44184.19,44327.55,44130.7,44147.08,1086.8633799999773,1266.6130739999962
1645002000,44147.09,44236.09,43992.99,44005.23,848.1951299999865,1229.9182984999948
1645005600,44005.23,44128.13,43876,44111.61,974.3073999999765,1158.90911499999
1645009200,44111.61,44260,44107.17,44173.15,808.6366299999993,1112.2696684999987
1645012800,44173.15,44214.11,43964.42,44032.98,836.4772299999556,1077.433566500004
1645016400,44032.98,44150,43521,43637.97,2323.1270399999808,1109.9228115000046
1645020000,43637.96,43735.99,43307,43490.21,2294.3781199999635,1173.312376000003
1645023600,43490.21,43690,43443.44,43598.63,1646.1887099999183,1221.5186944999991
1645027200,43598.62,43740.6,43350,43647.36,1259.7255199999818,1229.8917234999985
1645030800,43647.37,43705.6,43544.32,43573.76,770.7069100000017,1236.808681999999
1645034400,43573.76,43892,43506.64,43847.16,986.4546799999953,1226.93596
1645038000,43847.15,44344.64,43694.44,44220,3114.8996700001253,1277.7005694999996
1645041600,44219.99,44376.58,44075.55,44093.62,1054.7813299999884,1268.9848354999995
1645045200,44093.62,44165,43877.68,44068.34,685.5795699999939,1238.3214404999994
1645048800,44068.34,44159.37,43956.3,44010.49,528.1636799999897,1209.6478545000011
1645052400,44010.5,44168.64,43823.09,43873.56,648.4874499999951,1183.9233745000015
1645056000,43873.56,44100.23,43822.28,44060.74,840.5375799999825,1141.8603799999999
1645059600,44060.75,44164.71,43968.58,44006.09,798.9190999999666,1141.706708999999
1645063200,44006.09,44095.73,43824.68,43995.48,848.1441999999752,1152.7744484999985
1645066800,43995.48,44010,43575.04,43583.05,1057.7132599999936,1170.6143295000008
1645070400,43580,43710.42,43350,43615.72,2088.9562799999967,1220.7189745000019
1645074000,43615.72,43707.77,43514.77,43617.4,544.3924599999981,1205.5288410000026
1645077600,43617.41,43900.56,43573.5,43838.8,812.0025499999919,1197.4135985000032
1645081200,43838.8,43950,43750.98,43919.46,613.0362599999944,1187.633580000003
1645084800,43919.46,44022.36,43330,43468.21,2269.055560000125,1259.2624965000111
1645088400,43468.21,43529.79,42900,43216.34,2175.1604000001385,1251.8641645000191
1645092000,43216.33,43342,42925.06,43049.99,1236.9237799999821,1198.99144750002
1645095600,43050,43207.47,42977.67,43164.05,1405.48147999997,1186.9560860000224
1645099200,43164.05,43340.65,43140.57,43213.25,1024.1738699999823,1175.1785035000225
1645102800,43213.26,43289.92,42142.27,42239.99,4651.472870000727,1369.2168015000589
1645106400,42239.99,42392,41837.61,41926.31,4305.064300000154,1535.147282500067
1645110000,41926.31,42131.05,41700,41925.44,2835.5631000000462,1521.1804540000628
1645113600,41925.44,42111,41641,41979.68,2740.6612600000217,1605.4744505000647
1645117200,41979.68,41995.2,41600,41746.21,1542.8507400000149,1648.3380090000658
1645120800,41746.21,41868.83,40750.02,41292.65,5220.46198000008,1882.9529240000702
1645124400,41292.66,41292.66,40940.64,41201.62,1521.4522199999974,1926.6011625000706
1645128000,41204.22,41204.22,40851.2,40882.85,1666.508149999999,1967.8996910000715
1645131600,40878.68,40950.04,40073.21,40666.82,4711.919170000103,2163.549694500078
1645135200,40666.82,40753.47,40422.94,40711.68,1056.9452899999815,2173.9897490000785
1645138800,40712.96,40761.06,40446.6,40515.7,1275.0334499999897,2184.855758500078
1645142400,40515.71,40668.41,40300,40563.91,1769.2881799999957,2168.872353500078
1645146000,40563.91,40950,40362.92,40784.37,1868.3015199999597,2235.067806500076
1645149600,40784.36,40886.26,40666.26,40762.43,980.1866499999825,2243.4770115000756
1645153200,40762.42,40770.19,40574.02,40691.98,682.6416399999755,2246.9572805000744
1645156800,40691.97,40777.77,40496.57,40513.23,897.7030599999861,2178.3896555000674
1645160400,40513.24,40711.3,40493.31,40625.63,793.7147399999377,2109.3173725000574
1645164000,40625.62,40745,40575.74,40712.19,837.3954499999398,2089.3409560000555
1645167600,40712.19,40780.64,40560.01,40665.81,935.3070099999472,2065.832232500054
1645171200,40665.81,40959.88,40654.11,40868.39,1307.4419399998967,2079.9956360000497
1645174800,40868.39,40919.35,40764.55,40873,890.8014699999445,1891.9620660000105
1645178400,40872.99,40877.21,40691.36,40788.01,1049.7880599999696,1729.1982540000015
1645182000,40788.02,40805,40101.01,40178.94,2714.7254700001554,1723.156372500007
1645185600,40178.95,40558,40082.09,40441.43,1986.7960799999903,1685.4631135000054
1645189200,40441.44,40533.06,40186.57,40387.81,2572.496610000059,1736.9454070000077
1645192800,40387.8,40517.77,39616.72,40483.81,5977.050120000044,1774.7748140000058
1645196400,40483.82,40799,39660,39832.03,5194.145190000446,1958.4094625000282
1645200000,39832.02,40438.27,39450,39933.41,5206.149890000136,2135.391549500035
1645203600,39933.42,40370.78,39915.03,40022.97,1909.3339800001218,1995.2622900000358
1645207200,40022.97,40229.79,39790,40140.15,1515.417310000033,2018.1858910000385
1645210800,40140.15,40340,40050,40216.8,1107.189549999985,2009.7936960000384
1645214400,40216.79,40286.09,39941.57,40025.79,1207.193440000004,1981.6889590000387
1645218000,40025.79,40158.94,39900,39971.04,806.9123499999899,1928.6195005000404
1645221600,39971.05,40062.17,39711.31,39940,960.7329999999725,1927.64681800004
1645225200,39940.01,40082.39,39885.72,39974.44,675.2096999999508,1927.2752210000388
1645228800,39974.45,40243.51,39915.89,40201.59,1019.0218499999714,1933.3411605000379
1645232400,40201.6,40307.22,40060.61,40151.39,691.1020999999892,1928.2105285000405
1645236000,40151.38,40212.98,40073.75,40155.22,431.0512400000025,1907.8933180000436
1645239600,40155.22,40227.14,40061.07,40125.12,443.33016000000083,1883.2944755000462
1645243200,40125.13,40285.79,40060.88,40212.56,677.6724100000025,1851.8059990000515
1645246800,40212.57,40246.47,40150.16,40237.75,385.0527900000011,1826.5185650000542
1645250400,40237.76,40444.32,40208.67,40370.01,713.364019999973,1809.6973630000543
1645254000,40370.01,40407.31,40241.86,40263.71,503.58489999999006,1699.1403345000458
1645257600,40263.7,40301.11,39933.83,39976.14,840.6662399999925,1641.833842500046
1645261200,39976.13,40057.67,39869.39,39926.26,746.0215599999993,1550.510090000043
1645264800,39926.26,39974.98,39757.43,39946.01,964.0250099999878,1299.8588345000403
1645268400,39946.01,40032.7,39648.6,39842.54,1713.6136400000037,1125.832257000018
1645272000,39842.53,39950,39661.3,39754.99,1161.4860000000015,923.5990625000113
1645275600,39754.98,40076.94,39639.03,40017.88,1224.6417200000105,889.3644495000057
1645279200,40017.88,40017.88,39771.31,39867.75,832.3651599999929,855.2118420000037
1645282800,39867.76,40013.87,39803.76,39969.93,704.7029600000114,835.087512500005
1645286400,39969.92,40345.62,39850,39946.4,1505.3035700000248,849.9930190000059
1645290000,39946.41,40168.05,39872.67,40142.43,697.5392399999987,844.5243635000064
1645293600,40142.43,40203.88,40044.42,40115.33,418.66030999999924,817.4207290000078
1645297200,40115.32,40124.74,39904.44,39974.66,619.4926900000054,814.6348785000105
1645300800,39974.66,40107.17,39936.62,40061.87,352.52917000000224,781.310244500012
1645304400,40061.86,40071.5,39800,39921.63,652.5943800000082,779.3848585000129
1645308000,39921.63,40047.28,39874.06,40015.39,355.01753000000286,775.583173000013
1645311600,40015.4,40140,39949.18,40079.17,389.1924999999998,772.8762900000128
1645315200,40079.17,40125.44,39876.01,39924.54,653.0707900000034,771.6462090000128
1645318800,39924.54,40019.18,39824.54,39997.17,426.5223799999874,773.7196885000121
1645322400,39997.17,40019.74,39826.92,39839.17,462.96491999999853,761.1997335000134
1645326000,39839.17,39907.07,39700,39794.59,788.2972100000059,775.4353490000142
1645329600,39794.59,39843.59,39481.12,39550.65,1573.006559999977,812.0523650000134
1645333200,39550.65,39699.14,39285.3,39349.91,1668.0789899999643,858.1552365000116
1645336800,39349.91,39443.27,38688,38794.82,4384.145970000241,1029.161284500024
1645340400,38794.82,38883.63,38581.1,38796.64,1809.8176399999795,1033.971484500023
1645344000,38796.63,38836.18,38101.11,38166.84,4253.531660000335,1188.5737675000396
1645347600,38166.84,38425.76,38000,38185.42,2509.8524600000187,1252.8343045000402
1645351200,38185.43,38378.27,38140,38193.02,1636.810069999952,1293.056550000038
1645354800,38193.01,38358.42,38122.93,38343.99,915.3072000000069,1303.5867620000377
1645358400,38343.99,38616,38201.1,38213.07,1631.9408999999864,1309.9186285000358
1645362000,38213.07,38320.4,38180,38204.92,897.0233500000069,1319.8928340000361
1645365600,38204.92,38300,38022,38196.97,1215.9065500000008,1359.7551460000363
1645369200,38196.98,38415.49,38180.31,38335.04,880.0984900000064,1372.7854360000363
1645372800,38337.2,38507.31,38238.43,38271.61,1093.4123399999778,1409.829594500035
1645376400,38271.61,38399.99,38205,38279.31,598.5363200000045,1407.1266915000347
1645380000,38279.31,38456,38180.1,38441.26,708.2760500000011,1424.7896175000346
1645383600,38441.27,38444.66,38336.01,38397.22,383.44020999999475,1424.5020030000342
1645387200,38397.22,38400.98,38250.59,38317.72,472.7637500000002,1415.486651000034
1645390800,38317.72,38360,38048.49,38240.07,1228.075819999986,1455.564323000034
1645394400,38240.08,38860,38235.53,38816.16,1327.6642099999913,1498.7992875000336
1645398000,38816.16,38979.12,38340.51,38386.89,1917.2926699999891,1555.2490605000328
1645401600,38386.89,38749.95,38182.98,38741.34,1532.276259999978,1553.2125455000328
1645405200,38740.15,39388,38552.39,39135.57,2864.048820000052,1613.011037000037
1645408800,39135.57,39247.07,39021.84,39110.92,874.4535300000148,1437.5264150000257
1645412400,39110.92,39250,38800.57,38919.25,1210.5745199999865,1407.5642590000261
1645416000,38919.25,39378.56,38909.26,39297.12,1214.2913800000085,1255.6022450000098
1645419600,39297.13,39494.35,39210,39228.67,1051.251619999995,1182.6722030000087
1645423200,39228.66,39276.43,39150.81,39204.39,849.8997599999931,1143.3266875000106
1645426800,39204.38,39320.69,39073.48,39294.07,1064.3515700000023,1150.7789060000105
1645430400,39294.06,39362.15,39026.74,39061.55,1348.0230499999868,1136.5830135000103
1645434000,39061.54,39110.03,38873.72,38923.52,1266.1260299999788,1155.038147500009
1645437600,38923.51,38981.5,38217.89,38294.51,3132.6987700001005,1250.877758500014
1645441200,38294.5,38437.32,37348.49,37577.33,4611.68370000017,1437.457019000022
1645444800,37576.1,37786.22,37401.01,37539.99,3325.702970000152,1549.0715505000308
1645448400,37539.99,37700,37213.63,37562.74,3657.441930000191,1702.0168310000402
1645452000,37562.74,38872,37481.27,38680,6017.446050000289,1967.4753310000547
1645455600,38680.01,39283.07,38629.31,38827.94,4003.268620000276,2148.4667515000688
1645459200,38827.93,39141.41,38647.1,38696.1,1946.3182600000125,2222.14447700007
1645462800,38696.11,38830.91,38478.3,38527.65,1632.0661799999882,2242.3439950000698
1645466400,38527.66,38655.73,37533.93,37749.99,5033.337520000404,2427.6276605000903
1645470000,37749.99,38399.54,37500,38135.21,3661.0835000003203,2514.817202000107
1645473600,38135.2,38448.27,37960.04,38249.99,1552.0518999999776,2515.805984000107
1645477200,38250,38361.32,36912.08,37058.51,3208.0381800000064,2533.0054520001045
1645480800,37058.51,37779.54,36800,37543.3,3894.3665800002386,2684.001104500116
1645484400,37543.29,37676.78,36850,37008.16,3396.820750000178,2793.3134160001255
1645488000,37008.16,37331.29,36810,37229.72,2715.278350000081,2868.3627645001293
1645491600,37229.73,37468.35,36852.8,37243.25,2419.9746000000505,2936.798913500132
1645495200,37243.26,37243.26,36855.3,37006.67,1601.4800800000091,2974.3779295001327
1645498800,37006.67,37017.58,36350,36591.06,4444.051060000264,3143.362904000146
1645502400,36591.06,36810.06,36550.47,36617.84,2265.4932299999946,3189.2364130001465
1645506000,36617.85,37250.23,36560.08,36740.76,2129.622820000003,3232.411252500148
1645509600,36740.75,37010,36600,36864.19,2009.0178699999658,3176.227207500141
1645513200,36864.19,36995.82,36515.87,36771.66,2118.927449999944,3051.58939500013
1645516800,36771.65,37176,36756.53,37108.86,1923.9571500000118,2981.502104000123
1645520400,37108.85,37319.17,37011,37135.03,1626.1299900000054,2879.936507000114
1645524000,37135.03,37865,37085.05,37707.21,3163.314610000012,2737.2299350001
1645527600,37707.21,37768.01,37437.33,37519.48,1853.765360000011,2629.7547720000866
1645531200,37519.47,37773.04,37274.38,37637.98,1993.681409999998,2632.122929500086
1645534800,37637.98,37981.27,37319.15,37836.84,1816.3837399999775,2641.338807500085
1645538400,37836.84,38298.48,37414.52,38140.19,4391.989410000104,2609.2714020000703
1645542000,38140.18,38240,37677.46,37759.9,2962.056570000054,2574.3200555000567
1645545600,37759.9,37878.93,37464.65,37709.99,2679.3557299999848,2630.685247000057
1645549200,37709.99,37841.87,37380,37640.97,2052.1300299999966,2572.889839500057
1645552800,37640.96,37993.42,37551.74,37711.07,1786.0536000000131,2467.4741905000456
1645556400,37711.06,38169.08,37615,38065.32,2819.8910200000732,2438.6277040000405
1645560000,38065.32,38280,37775.36,37908.98,2082.890169999986,2407.0082950000356
1645563600,37908.99,38051.34,37831.39,37875.2,818.342689999997,2326.926699500033
1645567200,37875.2,37976.96,37755.01,37917.34,479.56987999999626,2270.8311895000325
1645570800,37917.33,38429,37884.1,38230.33,1632.3432300000122,2130.2457980000195
1645574400,38230.33,38354.56,38036.24,38137.91,1286.0163399999974,2081.2719535000197
1645578000,38137.9,38160.42,37938.07,38062.5,1027.7015599999984,2026.1758905000195
1645581600,38062.5,38206.97,37528.33,37692.92,1778.131629999919,2014.631578500017
1645585200,37692.92,37795.91,37592.86,37750.67,949.2331399999912,1956.1468630000193
1645588800,37750.66,38078.09,37712.93,38003.05,1146.789329999964,1917.288472000017
1645592400,38003.05,38123.81,37813.27,37976.11,1056.0050499999759,1888.7822250000154
1645596000,37976.1,38148.29,37912.64,37988.84,1147.19742999998,1787.976366000014
1645599600,37988.84,38213.11,37957.45,38151.17,1341.709199999979,1762.373558000012
1645603200,38151.16,38788.99,38081.12,38673.03,3629.883200000094,1844.1836475000168
1645606800,38673.02,38990,38600.01,38876.9,2085.383859999956,1857.633653500016
1645610400,38876.89,38956.64,38759.31,38866.27,1392.9353999999992,1707.6809530000107
1645614000,38866.28,39125.47,38734.64,38782.91,1833.7502799999825,1651.265638500007
1645617600,38782.91,39100,38749.36,39016.39,1490.2919000000052,1591.812447000008
1645621200,39016.39,39249.93,38889,38960.24,1830.8480399999928,1580.7483475000079
1645624800,38960.25,38990.99,38623.93,38660.07,2333.7657000000354,1608.133952500009
1645628400,38660.08,38672.72,38450,38512.51,2607.472970000037,1597.5130500000073
1645632000,38512.51,38710,38360,38638.24,2365.316480000229,1611.6343655000196
1645635600,38638.24,38780,38005.24,38084.48,2414.5223700000133,1691.44334950002
1645639200,38084.48,38109.88,37715.47,37780.8,2824.7621200001468,1808.7029615000276
1645642800,37780.8,37875.41,37536,37615.81,1916.4858700000702,1822.9100935000304
1645646400,37615.81,37738.56,37381.92,37677.98,1992.6313299999783,1858.2408430000294
1645650000,37677.98,37796.36,37423.37,37513.07,1154.305190000016,1864.57102450003
1645653600,37513.07,37667.52,37080,37648.23,1594.6406300000317,1855.3964745000358
1645657200,37648.22,37720.03,37036.79,37250.01,2360.1798100000574,1925.9438080000393
1645660800,37250.02,37427.81,36700.3,36755.82,2587.502980000097,1997.979490500046
1645664400,36755.83,37080.48,36638,36949.63,1996.0110199999538,2044.979789000045
1645668000,36949.63,37019.63,35820.03,35924.92,4513.399760001113,2213.2899055001017
1645671600,35924.92,35954.99,34720.53,34936.89,12569.162270008572,2774.6625590005315
1645675200,34936.9,35277.54,34536,35077.91,8366.30560000179,3011.4836790006166
1645678800,35077.91,35111.01,34322.28,34680.85,6572.820010002269,3235.855486500732
1645682400,34683.58,35106.44,34609.08,34901.75,4441.638010000373,3388.2906170007504
1645686000,34901.76,35515.83,34379.04,35312.05,6684.87423000122,3630.846814500813
1645689600,35312.04,35885,35180.98,35513.82,6240.95084000044,3868.3797615008343
1645693200,35513.82,35790.27,35286.73,35345.54,3606.236720000116,3957.14919550084
1645696800,35345.53,35494,34818.09,35198.51,5299.65438000027,4105.443629500852
1645700400,35198.52,35598,34885.06,35442.22,4316.77277000027,4190.908619500864
1645704000,35442.23,35461.8,35035,35255.87,3036.0025300000207,4224.442922000854
1645707600,35255.86,35699.53,35127.01,35475.7,3307.34375000013,4269.08399100086
1645711200,35475.7,35900,35177.96,35639.83,6298.229450000964,4442.757357500901
1645714800,35639.82,36100,35404.34,35919.96,5443.352270000832,4619.100677500939
1645718400,35919.96,36310.52,35861.05,36156.98,4655.302220000102,4752.234222000945
1645722000,36156.98,36173.35,35721.96,35831.85,2243.661450000017,4806.702035000945
1645725600,35831.86,36800,35800,36396.52,4266.327600000363,4940.286383500961
1645729200,36396.52,37366.36,36220.54,37300,5647.999260000148,5104.677356000966
1645732800,37300,39843,37286.02,38418.97,12437.469490005073,5597.175681501214
1645736400,38421.98,38683.51,38183.93,38395.64,2260.123830000012,5610.381322001218
1645740000,38395.63,38481.8,37748.94,37870.05,1987.2547600002479,5484.0740720011745
1645743600,37870.05,38400,37870.05,38327.21,1695.3436100002546,4940.383139000759
1645747200,38328.68,38795.6,38217.5,38226.27,1989.4916899999507,4621.542443500666
1645750800,38226.27,38932.97,38138.54,38562.39,2369.5142400000477,4411.377155000556
1645754400,38562.38,38820.46,38473.78,38800.29,1607.42606999997,4269.666558000536
1645758000,38800.29,39030.01,38509.4,38923.36,2462.8174800000616,4058.5637205004773
1645761600,38923.37,38942.46,38652.02,38721.84,1275.4638799999368,3810.289372500452
1645765200,38721.83,38771.8,38291.61,38453.38,1412.594289999977,3700.607251000445
1645768800,38453.38,38759.85,38379.94,38711.37,1223.7032500000075,3496.8096945004318
1645772400,38711.36,38817.83,38368.97,38466.24,3839.0153500003685,3472.9218235004364
1645776000,38466.25,38517.99,38132.11,38345.27,3331.7998000006237,3487.711687000466
1645779600,38345.28,38758,38014.37,38674.22,2403.9825200000796,3442.5436255004633
1645783200,38674.22,38783.66,38468.56,38578.29,1782.4715099999978,3216.755728500415
1645786800,38578.29,38876.91,38341.57,38745.01,2685.9649400000585,3078.8863620003763
1645790400,38745,39500,38739.07,39362.05,4088.7106900003614,3050.556785500389
1645794000,39363.76,39683.53,39232.04,39359.98,3817.231890000581,3129.2353075004175
1645797600,39359.99,39478.35,38928.99,39009.52,3421.21697000071,3086.979776000435
1645801200,39009.52,39568.46,38700,39410.92,4588.772860000698,3034.0184560004623
1645804800,39415.46,39588.82,39182.86,39374,2255.0707699999866,2524.8985200002076
1645808400,39374,39397.81,38872.7,38974.42,2060.8924599999114,2514.9369515002027
1645812000,38974.41,39041.21,38537.91,38655.33,2325.017190000042,2531.825073000192
1645815600,38655.33,38960.38,38538.06,38676.14,1806.0677999999587,2537.3612825001774
1645819200,38676.13,39242.42,38601,39109.06,1790.6530499999749,2527.419350500178
1645822800,39109.06,39217.14,38920.71,38962.27,780.4632899999957,2447.9668030001753
1645826400,38962.28,39491,38853.62,39424.14,1234.0681199999524,2429.2989055001744
1645830000,39424.13,39600,39136,39219.17,2022.161139999929,2407.266088500168
1645833600,39219.16,40348.45,39076.14,39765.45,4153.145050000902,2551.150147000216
1645837200,39765.46,39825.65,39562.17,39704.81,1111.0351699999871,2536.0721910002167
1645840800,39704.82,39725,39467.36,39550.42,913.4170699999725,2520.5578820002147
1645844400,39550.43,39595.47,39252,39390.33,1056.3272299999744,2381.4234760001955
1645848000,39390.33,39468.73,39233.48,39356.93,858.9659099999565,2257.7817815001617
1645851600,39356.92,39381.16,38955.82,39021.48,1075.4027999999673,2191.3527955001564
1645855200,39021.49,39218.13,39007.24,39132.03,787.5140400000071,2141.604922000157
1645858800,39132.03,39200,38910.11,39200,1174.3901599999786,2066.026183000153
1645862400,39200,39546,38650.37,38782.8,2338.5218199999917,1978.5167395001347
1645866000,38782.8,38927.07,38573.18,38790.93,1420.8618199999767,1858.6982360001043
1645869600,38790.93,39068.89,38759.77,39001.55,1122.6981299999677,1743.7722940000672
1645873200,39001.56,39173.99,38787.69,38928.21,905.5679699999918,1559.612049500032
1645876800,38928.22,39027.88,38772.15,38992.78,799.273779999993,1486.8222000000324
1645880400,38992.78,39241.51,38912.97,39088.2,1309.2736399999815,1449.2412590000358
1645884000,39088.2,39378.6,38943.18,39209.63,1160.390089999991,1391.0099040000332
1645887600,39209.64,39358.14,39146.56,39215.66,1334.9375499999778,1367.4533915000343
1645891200,39215.66,39320.36,39036.73,39148.75,915.3968400000136,1323.690581000036
1645894800,39148.75,39309.23,39090.03,39248.58,740.5725500000041,1321.6960440000364
1645898400,39248.58,39255.22,38823.08,39099.16,995.3277399999984,1309.7590250000387
1645902000,39099.15,39440,39092.6,39254.12,1207.6108899999974,1269.031512500042
1645905600,39254.12,39444.09,39213.2,39322.55,534.6893500000017,1088.108727499997
1645909200,39322.55,39700,39288.51,39433.79,1439.578070000002,1104.5358724999978
1645912800,39433.79,39467.04,39062.06,39145.18,825.0547900000017,1100.1177584999991
1645916400,39145.18,39173.31,38911,39116.72,1181.304339999981,1106.3666139999996
1645920000,39116.73,39256.58,38717.74,38788.64,1628.5875899999764,1144.8476980000007
1645923600,38791.56,38855.73,38217.01,38240.04,2249.018819999953,1203.528499
1645927200,38240.04,38595.85,38189.19,38530.22,1026.5782400000141,1215.4817090000004
1645930800,38530.22,38685.08,38516.66,38606.81,814.1646499999955,1197.4704335000013
1645934400,38606.8,38656.44,38462.82,38547.38,633.1910199999952,1112.2038935000014
1645938000,38547.38,38755,38458.8,38584.32,796.7318499999957,1080.9973950000026
1645941600,38584.31,38875.99,38576.6,38773.23,721.0161799999518,1060.9132975000016
1645945200,38773.23,38867.91,38742.6,38790.93,653.7690599999459,1048.3233519999992
1645948800,38790.92,38888,38621.57,38807.2,1135.0281599999585,1065.1110709999975
1645952400,38807.2,39134.11,38750.52,39082.01,1262.9540599999596,1062.7950919999964
1645956000,39082.01,39460,38974.21,39369.82,1886.1371699999622,1099.0824459999951
1645959600,39369.83,39548.17,39232.48,39479.8,1431.6594499999942,1103.918540999996
1645963200,39479.8,39855.7,39363.39,39752.6,2184.722110000038,1167.3848044999972
1645966800,39752.61,39795.64,38565.14,39058.97,4228.825710000286,1341.7974625000113
1645970400,39058.98,39190.15,38660,38800,2374.9512999999884,1410.778640500011
1645974000,38800,39430,38740.39,39357.03,2086.3946599999927,1454.7178290000109
1645977600,39357.03,39450.94,38940.67,39092.99,1313.0019299999813,1493.6334580000098
1645981200,39092.96,39139.29,38930.32,38969.71,597.3316400000001,1451.5211365000098
1645984800,38969.7,39157.14,38800,38915.13,894.8762599999943,1455.0122100000094
1645988400,38915.14,38970.77,37500,37606.49,5124.201160000117,1652.157051000016
1645992000,37604.4,38299.39,37357,37966.6,3890.7437300003216,1765.2648580000332
1645995600,37966.6,38040.27,37000,37417.76,4749.982510000515,1890.3130425000613
1645999200,37417.75,37957.87,37346.23,37818.47,2013.8003800001115,1939.674149500066
1646002800,37818.47,37854.53,37330.23,37699.07,2531.5495300005477,2025.5433935000935
1646006400,37699.08,37802.04,37450.17,37574.27,1476.9282199999916,2067.7302535000936
1646010000,37574.27,38483.53,37574.27,37970.85,2758.2225700000895,2165.804789500098
1646013600,37970.86,38102.58,37559.38,37768.41,1443.758059999945,2201.9418835000974
1646017200,37768.41,37884.6,37650.04,37793.8,1132.0714999999748,2225.857005500099
1646020800,37793.8,38044.91,37731.41,37816.22,1015.5089400000139,2219.881044500102
1646024400,37816.23,38011.81,37738.05,37829.44,1074.484390000003,2210.457561000104
1646028000,37829.44,38126.4,37451.56,37979.66,2023.9244899999487,2217.3469270001033
1646031600,37979.67,38478.28,37900,38347.58,2329.5471099999995,2262.2413100001036
1646035200,38347.58,38672.96,38178.91,38302.12,2011.5038799999656,2253.5803985001
1646038800,38302.11,38568.42,38100.53,38105.83,1477.5923899999918,2116.018732500085
1646042400,38105.83,38461.13,38088.71,38378.07,1261.5790399999375,2060.3501195000827
1646046000,38378.07,38484.84,38127.76,38333.65,1205.0874799999574,2016.2847605000811
1646049600,38333.65,38646.21,38139.41,38276.92,2198.062439999972,2060.5377860000804
1646053200,38276.91,38352.18,37934.89,38002.5,2113.095770000002,2136.3259925000807
1646056800,38002.49,39900,38001.05,39826.36,7913.638889999771,2487.2641240000694
1646060400,39826.37,40898,39610,40824.96,9620.059309999677,2712.057031500047
1646064000,40824.96,41332.85,40693.18,41010.09,7176.403209999637,2876.340005500013
1646067600,41010.09,41426.12,40737.15,41425.8,2981.107490000038,2787.8962544999895
1646071200,41425.8,41463.41,41031.76,41204.66,2728.9461200001383,2823.6535414999908
1646074800,41204.65,41392,41009.28,41329.44,1927.695709999976,2793.4608504999624
1646078400,41329.44,41950,41248.41,41908.07,3794.7733899999243,2909.3531089999587
1646082000,41908.08,41918.02,41500.56,41644.99,1373.7218500000104,2840.1280729999544
1646085600,41645,44225.84,41628.99,43026.44,8823.333509999646,3209.1068454999395
1646089200,43026.45,43346.92,42847,43160,4081.9688800001877,3356.6017144999505
1646092800,43160,43750,43155.68,43560,3476.1134700001485,3479.631940999957
1646096400,43560.01,43630.09,43222.22,43259.9,2309.8825099999285,3541.401846999953
1646100000,43259.89,43292.6,42951.84,43160.01,2359.8860300000574,3558.199923999958
1646103600,43160.01,43180,42855.2,43147.71,1759.1836699998553,3529.681751999951
1646107200,43147.71,43400,43073.67,43336.26,1555.7385499999846,3506.893485499952
1646110800,43336.26,43396.12,43318.49,43342.09,90.69874000000002,3437.548802999953